firstName,lastName,email,gender
Rubin,Meininger,rmeininger0@addthis.com,Male
Ingemar,Bunten,ibunten1@blogs.com,Male
Care,Rustadge,crustadge2@ucoz.com,Male
Jenica,Le Hucquet,jlehucquet3@salon.com,Female
Vincents,Traill,vtraill4@fda.gov,Male
Shannen,Parfitt,sparfitt5@moonfruit.com,Female
Carmon,Hrinchenko,chrinchenko6@mediafire.com,Female
Pavlov,Esh,pesh7@usgs.gov,Male
Everett,Lamprey,elamprey8@list-manage.com,Male
Guthrey,Moore,gmoore9@hao123.com,Male
Damian,Buckoke,dbuckokea@elegantthemes.com,Male
Lucius,Skeeles,lskeelesb@rambler.ru,Genderqueer
Lurleen,Ward,lwardc@huffingtonpost.com,Female
Bent,Sommerville,bsommervilled@shop-pro.jp,Male
Coralie,MacGillacolm,cmacgillacolme@elpais.com,Female
Darlene,Botwright,dbotwrightf@storify.com,Female
Osmund,Spragg,ospraggg@google.ca,Male
Fleming,Tasseler,ftasselerh@acquirethisname.com,Male
Valli,Castenda,vcastendai@mtv.com,Female
Janos,Gillespie,jgillespiej@360.cn,Male
Chrissie,Ikins,cikinsk@sakura.ne.jp,Bigender
Karalee,Brager,kbragerl@flavors.me,Female
Reginauld,Sante,rsantem@hhs.gov,Male
Michel,Neasham,mneashamn@toplist.cz,Male
Hannis,Trounce,htrounceo@nps.gov,Non-binary
Vaughn,Ghion,vghionp@pinterest.com,Male
Mord,Leser,mleserq@unc.edu,Male
Ervin,Jozwicki,ejozwickir@dell.com,Bigender
Haywood,Bartolomeu,hbartolomeus@facebook.com,Male
Nonnah,Goodchild,ngoodchildt@wikispaces.com,Female
